ID	Name	URL	Regular Price, RUB	Sale Price, RUB	Brand Name
607353664	Чай черный Yantra Orange Pekoe A крупнолистовой, 100г	https://online.metro-cc.ru/products/chay-chernyy-yantra-orange-pekoe-a-krupnolistovoy-100g	255	209	YANTRA
607353239	Чай черный Yantra Classic Деликатный бергамот, 100г	https://online.metro-cc.ru/products/chay-chernyy-yantra-classic-delikatnyy-bergamot-100g	309	249	YANTRA
216703	Чай Greenfield Golden Ceylon черный (2г х 100шт), 200г	https://online.metro-cc.ru/products/greenfield-chernyj-golden-ceylon-100x2g	359		GREENFIELD
175179	Чай Greenfield Earl Grey Fantasy черный (2г x 100шт), 200г	https://online.metro-cc.ru/products/greenfield-chernyj-earl-grey-fantasy-100x2g	359		GREENFIELD
130619	Чай Greenfield Green Melissa зеленый (1.5г х 100шт), 150г	https://online.metro-cc.ru/products/art_457730	359		GREENFIELD
385733	Чай Richard Royal Ceylon черный байховый (2г х 100шт), 200г	https://online.metro-cc.ru/products/richard-chernyj-bajhovyj-royl-ceylon-v-sashe-100-2g	309	229	RICHARD
165164	Чай Greenfield Kenyan Sunrise черный (2г х 100шт), 200г	https://online.metro-cc.ru/products/greenfield-chernyj-kenyan-sunrise-100x2g	359		GREENFIELD
171916	Чай Tess Pleasure Шиповник и яблоко черный байховый (1.5г х 100шт), 150г	https://online.metro-cc.ru/products/tess-chernyj-bajhovyj-shipovnik-yabloko-pleasure-100-15g	359	249	TESS
424940	Чай Азерчай Букет черный байховый, 400г	https://online.metro-cc.ru/products/art_578790	569	449	АЗЕРЧАЙ
222242	Чай Tess Sunrise цейлонский черный (1.8г х 100шт), 180г	https://online.metro-cc.ru/products/tess-chernyj-cejlonskij-sunrise-100x18g	359	249	TESS
110854	Чай Greenfield Flying Dragon зеленый (2г х 100шт), 200г	https://online.metro-cc.ru/products/greenfield-zelenyj-flying-dragon-100x2g	359		GREENFIELD
93277	Чай Ahmad Tea Earl Grey черный с бергамотом (2г x 100шт), 200г	https://online.metro-cc.ru/products/ahmad-tea-chernyj-s-bergamotom-earl-grey-100-pak	519		AHMAD TEA
129648	Чай Newby Assam черный (2г x 50шт), 100г	https://online.metro-cc.ru/products/chernyj-newby-assam-50-2g	1299		NEWBY
463157	Чай Greenfield Spring Melody (1.5г x 100шт), 150г	https://online.metro-cc.ru/products/greenfield-spring-melody-100-h-15-g	359		GREENFIELD
463869	Чай Tess Lime зеленый с цедрой цитрусовых (1.5г х 100шт), 150г	https://online.metro-cc.ru/products/tess-zelenyj-s-cedroj-citrusovyh-lime-100-15g	359	249	TESS
439358	Чай Ahmad Tea Classic black Tea черный листовой классический, 200г	https://online.metro-cc.ru/products/ahmad-tea-chernyj-listovoj-klassicheskij-classic-black-tea-200g	269	229	AHMAD TEA
161482	Чай Ahmad Tea Earl Grey черный листовой со вкусом и ароматом бергамота, 200г	https://online.metro-cc.ru/products/ahmad-tea-chernyj-earl-grey-200g-468922	379	299	AHMAD TEA
167934	Чай Greenfield Summer Bouquet травяной (2г х 100шт), 200г	https://online.metro-cc.ru/products/greenfield-travyanoj-summer-bouquet-100x2g	359		GREENFIELD
370755	RIOBA Чай черный с чабрецом (2г х 20шт), 40г	https://online.metro-cc.ru/products/rioba-chernyj-s-chabrecom-20x2g	285	239	RIOBA
463551	Чай Richard Royal Ceylon черный крупнолистовой, 180г	https://online.metro-cc.ru/products/richard-royal-ceylon-chernyj-180g	319	199	RICHARD
204515	Чай Майский Корона Российской Империи черный цейлонский крупнолистовой, 200г	https://online.metro-cc.ru/products/majskij-chernyj-korona-rossijskoj-imperii-200g	231	158	МАЙСКИЙ
237428757	Чай Curtis Desserts Tea Collection ассорти (1.95г x 30шт), 59г	https://online.metro-cc.ru/products/30h195g-chay-curtis-dessert-tea-collection-assorti	286	229	CURTIS
210153	Чай Greenfield Green Melissa зеленый (1.5г х 25 пак), 38г	https://online.metro-cc.ru/products/greenfield-zelenyj-s-myatoj-melissoj-green-melissa-25x15g	109	89.9	GREENFIELD
386838	RIOBA Чай черный листовой Английский Завтрак, 400г	https://online.metro-cc.ru/products/rioba-chernyj-anglijskij-zavtrak-400g	529	489	RIOBA
144396	Чай Newby English Breakfast черный листовой, 100г	https://online.metro-cc.ru/products/newby-chernyj-english-breakfast-100g	789		NEWBY
507215	Чай Greenfield Wildberry rooibos (1.5г x 25шт), 38г	https://online.metro-cc.ru/products/greenfield-napitok-wildberry-rooibos-s-kusochkami-yagod-zemlyaniki-klyukvy-25-pak	109	89.9	GREENFIELD
216971	RIOBA Чай зеленый Молочный оолонг (2г х 20шт), 40г	https://online.metro-cc.ru/products/rioba-zelenyj-molochnyj-oolong-20x2g	319	269	RIOBA
577064	RIOBA Чай Матча зеленый Премиум, 100г	https://online.metro-cc.ru/products/rioba-matcha-zelenyj-100g	669	629	RIOBA
517585	RIOBA Напиток чайный ромашка (1.5г х 14шт), 21г	https://online.metro-cc.ru/products/rioba-napitok-romashka-14x15g	191	159	RIOBA
386770	RIOBA Чайный напиток Наглый фрукт, 400г	https://online.metro-cc.ru/products/rioba-napitok-naglyj-frukt-400g	749	659	RIOBA
463671	Чай Richard Lord Grey черный байховый (2г х 100шт), 200г	https://online.metro-cc.ru/products/richard-chernyj-bajhovyj-lord-grey-100-pak	309	229	RICHARD
509223	Чай Akbar Золотой крупно-листовой, 250г	https://online.metro-cc.ru/products/art_634080	369	309	AKBAR
506711	Чай Greenfield English Edition цейлонский черный (2г x 100шт), 200г	https://online.metro-cc.ru/products/greenfield-chernyj-cejlonskij-english-edition-100x2g	359		GREENFIELD
514803	RIOBA Чайный напиток Каркаде, 400г	https://online.metro-cc.ru/products/rioba-napitok-karkade-400g	499	399	RIOBA
105743	RIOBA Чай черный Ассам (2г х 20шт), 40г	https://online.metro-cc.ru/products/rioba-chernyj-assam-20x2g	247	209	RIOBA
89197	Чай Akbar Gold черный цейлонский листовой, 250г	https://online.metro-cc.ru/products/akbar-chernyj-bajhovyj-cejlonskij-gold-250g	369	329	AKBAR
214533	RIOBA Чай зеленый Жасмин (2г х 20шт), 40г	https://online.metro-cc.ru/products/rioba-zelenyj-zhasmin-20x2g	369	309	RIOBA
514721	RIOBA Чай черный листовой с Чабрецом, 400г	https://online.metro-cc.ru/products/rioba-chernyj-listovoj-s-chabrecom-400g	449	379	RIOBA
102268	Чай Greenfield Golden Ceylon черный, 200г	https://online.metro-cc.ru/products/greenfield-golden-ceylon-200g	289		GREENFIELD
389292	RIOBA Чай зеленый листовой Молочный Улун, 400г	https://online.metro-cc.ru/products/rioba-zelenyj-molochnyj-ulun-400g	519	499	RIOBA
259324	Чай Basilur Ceylon черный (2г x 100шт), 200г	https://online.metro-cc.ru/products/basilur-ceylon-100h2-g	579		BASILUR
495573	Чай Richard Royal English Breakfast черный (2г x 100шт), 200г	https://online.metro-cc.ru/products/chernyj-richard-royal-english-breakfast-100x2g	309	229	RICHARD
313339538	Чай Азерчай черный букет (2г x 100шт), 200г	https://online.metro-cc.ru/products/100h2g-chay-azerchay-chyornyy-buket-paketirovannyy	239	209	АЗЕРЧАЙ
387005	RIOBA Чай зеленый листовой Зеленый Сенча, 400г	https://online.metro-cc.ru/products/rioba-zelenyj-zelenyj-sencha-400g	839	799	RIOBA
101998	Чай Newby Earl Grey черный (2г x 50шт), 100г	https://online.metro-cc.ru/products/chernyj-newby-earl-grey-50-2g	1349		NEWBY
387035	Чай Newby Pride of Africa черный листовой, 100г	https://online.metro-cc.ru/products/chernyj-newby-pride-of-africa-100g	829		NEWBY
470694	Чай Ahmad Tea зеленый листовой с жасмином, 200г	https://online.metro-cc.ru/products/ahmad-tea-zelenyj-listovoj-s-zhasminom-200g	469	349	AHMAD TEA
226285	Чай Greenfield Classic Breakfast черный (2г х 100шт), 200г	https://online.metro-cc.ru/products/greenfield-chernyj-slassic-breakfast-100x2g	359		GREENFIELD
445489	RIOBA Чайный напиток Ройбуш земляничный (2г х 20шт), 40г	https://online.metro-cc.ru/products/rioba-napitok-rojbush-zemlyanichnyj-20x2g	285	239	RIOBA
596160982	Чай Richman Оолонг манго-персик, 40г	https://online.metro-cc.ru/products/40g-chay-richman-oolong-mangopersik	151	129	RICHMAN
218409	RIOBA Чай зеленый Изумрудные спиральки (2г х 20шт), 40г	https://online.metro-cc.ru/products/rioba-zelenyj-izumrudnye-spiralki-20x2g	256	219	RIOBA
311826792	Чай Akbar черный яблоко-шиповник (1.5г x 100шт), 150г	https://online.metro-cc.ru/products/100h15g-chay-akbar-chyornyy-yablokoshipovnik-pak	297	239	AKBAR
102001	Чай Newby English Breakfast черный (2г x 50шт), 100г	https://online.metro-cc.ru/products/chernyj-newby-english-breakfast-50-2g	1299		NEWBY
102543	Чай Newby Ассам черный листовой, 100г	https://online.metro-cc.ru/products/chernyj-newby-assam-100g	789		NEWBY
618847	Чай Азерчай Букет черный байховый, 100г	https://online.metro-cc.ru/products/100g-azerchaj-buket-chern-bajhovyj-kar-up	132	125	АЗЕРЧАЙ
386830	RIOBA Чай черный листовой Эрл Грей, 400г	https://online.metro-cc.ru/products/rioba-chernyj-erl-grej-400g	559	489	RIOBA
225609	RIOBA Чай черный для заваривания в чайнике С чабрецом (5г х 20шт), 100г	https://online.metro-cc.ru/products/rioba-chernyj-dlya-zavarivaniya-v-chajnike-s-chabrecom-20x5g	409	349	RIOBA
259517	Чай Basilur Остров золотой листовой черный, 100г	https://online.metro-cc.ru/products/basilur-chernyj-zolotoj-ostrov-100g	369		BASILUR
242310	RIOBA Чай зеленый байховый Имбирный апельсин (2г х 20шт), 40г	https://online.metro-cc.ru/products/rioba-zelenyj-bajhovyj-imbirnyj-apelsin-20x2g	247	209	RIOBA
86076	Чай Akbar Mountain Fresh черный (2г х 100шт), 200г	https://online.metro-cc.ru/products/akbar-chernyj-mountain-fresh-100-2g	262	218	AKBAR
608852	aro Чай черный пакетированный (1.8г х 1000шт), 1.8кг	https://online.metro-cc.ru/products/1000x18g-aro-chernyj-pak	1179		ARO
219178	Чай Greenfield Summer Bouquet (2г х 25 пак), 50г	https://online.metro-cc.ru/products/greenfield-fruktovo-yagodno-travyanoj-summer-bouquet-25x2g	109	89.9	GREENFIELD
235031	Чай Greenfield Rich Camomile (1.5г х 25шт), 38г	https://online.metro-cc.ru/products/greenfield-travyanoj-rich-camomile-25x15g	109	89.9	GREENFIELD
120144	Чай Greenfield Golden Ceylon черный (2г х 25 пак), 50г	https://online.metro-cc.ru/products/greenfield-chernyj-golden-ceylon-25x2g	109	94.9	GREENFIELD
596294299	Чай черный Richman Earl Grey крупный лист, 100г	https://online.metro-cc.ru/products/100g-chay-chernyy-richman-erl-grey-krupnyy-list	207	179	RICHMAN
181202	Чай Ahmad Tea зеленый листовой, 200г	https://online.metro-cc.ru/products/ahmad-tea-zelenyj-listovoj-200g	349	239	AHMAD TEA
506900	Чай Greenfield Peach mellow peach зеленый (1.8г x 25шт), 45г	https://online.metro-cc.ru/products/greenfield-zelenyj-s-aromatom-persika-cedroj-mandarina-peach-mellow-25-18g	109	89.9	GREENFIELD
493756	Чай Tess Thyme черный с чабрецом и цедрой лимона (1.5г x 100шт), 150г	https://online.metro-cc.ru/products/tess-chernyj-s-chabrecom-cedroj-limona-thyme-100-15g	359	249	TESS
92549	Чай Ahmad Tea English Breakfast черный (2г x 100шт), 200г	https://online.metro-cc.ru/products/ahmad-tea-chernyj-english-breakfast-100x2g	519		AHMAD TEA
533323	RIOBA Чай черный Брусничный (2г х 20шт), 40г	https://online.metro-cc.ru/products/rioba-chernyj-brusnichnyj-20x2g	275	239	RIOBA
236700	Чай Curtis зеленый мохито (1.8г х 20шт), 36г	https://online.metro-cc.ru/products/zelenyj-curtis-fresh-mojito-20x18g	146	68.9	CURTIS
179525	RIOBA Чай черный Эрл Грей (2г х 20шт), 40г	https://online.metro-cc.ru/products/rioba-chernyj-erl-grej-20x2g	247	209	RIOBA
540090	Чай Curtis Blue Berries Blues черный в пирамидках (1.8г x 20шт), 36г	https://online.metro-cc.ru/products/chernyj-curtis-blue-berries-blues-piramidki-20x18g	146	68.9	CURTIS
167748	Чай Ahmad Tea Ceylon Tea Orange Pekoe черный листовой, 200г	https://online.metro-cc.ru/products/ahmad-tea-chernyj-bajhovyj-cejlonskij-orange-pekoe-200g	379	299	AHMAD TEA
8910074	Чай Richard Royal Tea Collection Набор, 230г	https://online.metro-cc.ru/products/chay-richard-royal-tea-collection-nabor-230g	779	519	RICHARD
312359797	Чай Akbar черный малина-черника (1.5г x 100шт), 150г	https://online.metro-cc.ru/products/100h15g-chay-akbar-chyornyy-malinachernika-pak	297	239	AKBAR
538244	Чай Green Panda Молочный туман зеленый оолонг крупнолистовой, 100г	https://online.metro-cc.ru/products/art_60429	269		GREEN PANDA
425054	Чай Азерчай черный листовой с чабрецом, 100г	https://online.metro-cc.ru/products/art_578785	143	129	АЗЕРЧАЙ
517705	RIOBA Чай черный Английский завтрак (2г х 20шт), 40г	https://online.metro-cc.ru/products/rioba-chernyj-anglijskij-zavtrak-20x2g	275	239	RIOBA
225945	Чай Greenfield Jasmine Dream зеленый (2г х 100шт), 200г	https://online.metro-cc.ru/products/greenfield-zelenyj-jasmine-dream-100x2g	359		GREENFIELD
313874885	Чай Азерчай черный с чабрецом (2г x 100шт), 200г	https://online.metro-cc.ru/products/100h2g-chay-azerchay-chyornyy-s-chabretsom-paketirovannyy	249	209	АЗЕРЧАЙ
225344	RIOBA Чай зеленый байховый для заваривания в чайнике Молочный улун (5г х 20шт), 100г	https://online.metro-cc.ru/products/rioba-zelenyj-bajhovyj-dlya-zavarivaniya-v-chajnike-molochnyj-ulun-20-5g	409	349	RIOBA
615455	Чай Nature's Own Factory Полезный гречишный, 100г	https://online.metro-cc.ru/products/napitok-grechishnyj-nature-039s-own-factory-100g	619	519	NATURE'S OWN FACTORY
183269	Чай Greenfield Kenyan Sunrise черный байховый (2г х 25 пак), 50г	https://online.metro-cc.ru/products/greenfield-chernyj-kenyan-sunrise-25x2g	109	89.9	GREENFIELD
607377142	Чай Curtis Colour набор пакетированный (1.5г x 54шт), 81г	https://online.metro-cc.ru/products/54shth15g-chay-curtis-colour-paketirovannyy-nabor	379	309	CURTIS
136734	Чай Milford ромашка (1.5г х 20шт), 30г	https://online.metro-cc.ru/products/milford-travyanoj-romashka-20-15g	107	99	MILFORD
148440	Чай Greenfield Flying Dragon зеленый (2г х 25 пак), 50г	https://online.metro-cc.ru/products/greenfield-zelenyj-flying-dragon-25x2g	109	89.9	GREENFIELD
607378942	Чай черный Curtis Elegant Earl Grey пакетированный (1.7г x 100шт), 170г	https://online.metro-cc.ru/products/100shth17g-chay-chyornyy-curtis-elegant-earl-grey-paketirovan	297	249	CURTIS
313874890	Чай Азерчай черный листовой, 200г	https://online.metro-cc.ru/products/200g-chay-azerchay-chyornyy-listovoy	257	229	АЗЕРЧАЙ
596162797	Чай зеленый Richman цитрусовый коктейль, 40г	https://online.metro-cc.ru/products/40g-chay-zelenyy-richman-tsitrusovyy-kokteyl	159	129	RICHMAN
379746	Чай Curtis Sunny Lemon черный ароматизированный (1.7г х 20шт), 34г	https://online.metro-cc.ru/products/curtis-sunny-lemon-chernyj-20-17g	146	68.9	CURTIS
179588	Чай Greenfield Earl Grey Fantasy черный, 200г	https://online.metro-cc.ru/products/greenfield-chernyj-earl-grey-fantasy-200g	289		GREENFIELD
375417	Фильтр-пакеты Basilur Для заваривания листового чая 80шт, 32г	https://online.metro-cc.ru/products/filtr-pakety-basilur-dlya-zavarivaniya-listovogo-chaya-80-sht	319		BASILUR
539518	RIOBA Чай Лесные Десерты зеленый (2г х 20шт), 40г	https://online.metro-cc.ru/products/rioba-lesnye-deserty-zelenyj-20-paketikov-h-2-g	275	239	RIOBA
607353069	Фильтр-пакет Yantra для заваривания листового чая размер А 80шт, 31г	https://online.metro-cc.ru/products/filtr-paket-yantra-dlya-zavarivaniya-listovogo-chaya-razmer-a-80sht	267		YANTRA
596292274	Чай черный Richman бергамот, 40г	https://online.metro-cc.ru/products/40g-chay-chernyy-richman-bergamot	159	129	RICHMAN
514944	RIOBA Чай зеленый c жасмином, 400г	https://online.metro-cc.ru/products/rioba-zelenyj-listovoj-c-zhasminom-400g	539	469	RIOBA
617467	Чай Curtis Delicate Black черный мелколистовой (1.7г х 100шт), 170г	https://online.metro-cc.ru/products/100h17g-curtis-delicate-black	297	249	CURTIS
607378947	Чай черный Curtis Elegant Earl Grey пакетированный (1.7г x 25шт), 42.5г	https://online.metro-cc.ru/products/25shth17g-chay-chyornyy-curtis-elegant-earl-grey-paketirovan	99.9	79.9	CURTIS
506770	Чай Greenfield Grand Fruit черный (1.5г x 25шт), 38г	https://online.metro-cc.ru/products/greenfield-chernyj-s-aromatom-granata-rastitelnymi-komponentami-grand-fruit-25-pak	109	89.9	GREENFIELD
101999	Чай Newby Jasmine Blossom зеленый (2г x 50шт), 100г	https://online.metro-cc.ru/products/newby-zelenyj-jasmine-blossom-50-2g	1349		NEWBY
194098	Чай Newby Ceylon черный (2г x 50шт), 100г	https://online.metro-cc.ru/products/chernyj-newby-ceylon-50-2g	1299		NEWBY
257056510	Чай Richard Royal Blackcurrant & Golden Apple (1.7г x 25шт), 43г	https://online.metro-cc.ru/products/25h17g-chay-richard-smorodina-yabloko-paketirovannyy	111	99.9	RICHARD
607380920	Чай черный Азерчай букет листовой, 1кг	https://online.metro-cc.ru/products/chay-chernyy-azerchay-buket-listovoy-1kg	1299	1229	АЗЕРЧАЙ
463090	Чай Ahmad Tea черный классический (2г х 100шт), 200г	https://online.metro-cc.ru/products/ahmad-tea-chernyj-classic-black-tea-100-2g	309		AHMAD TEA
247878	Чай Ahmad Tea English Breakfast черный листовой, 200г	https://online.metro-cc.ru/products/ahmad-tea-chernyj-english-breakfast-200g	379	299	AHMAD TEA
385866	Чай Richard Lord Grey черный байховый в саше (2г х 25шт), 50г	https://online.metro-cc.ru/products/richard-chernyj-bajhovyj-lord-grey-v-sashe-25-pak	111	99.9	RICHARD
396162	Чай черный Basilur Uva OP Лист Цейлона (2г х 100шт), 200г	https://online.metro-cc.ru/products/chernyj-basilur-uba-100h2g	599		BASILUR
200116	Чай Curtis Isabella Grape черный пирамидки (1.8г x 20шт), 36г	https://online.metro-cc.ru/products/chernyj-curtis-isabella-grape-piramidki-20x18g	146	68.9	CURTIS
102267	Чай Greenfield Flying Dragon зеленый листовой, 200г	https://online.metro-cc.ru/products/greenfield-flying-dragon-zelenyj-200-g	289		GREENFIELD
265279095	Чай Richard Royal Strawberry & Aloe Vera (1.5г x 25шт), 38г	https://online.metro-cc.ru/products/25h15g-chay-richard-zelenyy-klubnika-aloe-paketirovannyy	111	99.9	RICHARD
85964	Чай Ahmad Tea English Tea №1 черный (2г x 100шт), 200г	https://online.metro-cc.ru/products/ahmad-tea-chernyj-englishtea-1-100-pak	559		AHMAD TEA
614789	Чай Алтайвита Хохот шамана травяной, 40г	https://online.metro-cc.ru/products/40g-altajvita-travyanoj-hohot-shamana	181	169	АЛТАЙВИТА
120991	Чай Майский Цейлон черный отборный (2г x 100шт), 200г	https://online.metro-cc.ru/products/majskij-chernyj-otbornyj-cejlon-100x2g	226	169	МАЙСКИЙ
617222	Чай Richard Lord Grey черный листовой с добавками, 180г	https://online.metro-cc.ru/products/180g-richard-lord-grey	319	199	RICHARD
607465516	Чай черный Newby с чабрецом листовой, 100г	https://online.metro-cc.ru/products/chay-chernyy-newby-s-chabretsom-listovoy-100g	1099		NEWBY
225649	RIOBA Чай зеленый с жасмином для заваривания в чайнике (5г х 20шт), 100г	https://online.metro-cc.ru/products/rioba-zelenyj-s-zhasminom-dlya-zavarivaniya-v-chajnike-20x5g	409	349	RIOBA
225910	RIOBA Чай черный для заваривания в чайнике Эрл Грей (5г х 20шт), 100г	https://online.metro-cc.ru/products/rioba-chernyj-dlya-zavarivaniya-v-chajnike-erl-grej-20x5g	409	349	RIOBA
225957	RIOBA Чай черный для заваривания в чайнике Английский завтрак (5г х 20шт), 100г	https://online.metro-cc.ru/products/rioba-chernyj-dlya-zavarivaniya-v-chajnike-anglijskij-zavtrak-20x5g	409	349	RIOBA
218281	Чай Ahmad Tea Ceylon High Mountain черный листовой, 200г	https://online.metro-cc.ru/products/ahmad-tea-chernyj-ceylon-high-mountain-200g	379	299	AHMAD TEA
86966	Чай Ahmad Tea Green Tea зеленый (2г х 100шт), 200г	https://online.metro-cc.ru/products/ahmad-tea-zelenyj-green-tea-100-2g	529		AHMAD TEA
549082	Чай Curtis Delicate mango в пирамидках (1.8г х 20шт), 36г	https://online.metro-cc.ru/products/curtis-mango-20-piramidok-h-18-g	146	68.9	CURTIS
594985	Чай Basilur Избранная классика Эрл Грей черный, 100г	https://online.metro-cc.ru/products/100g-chaj-basilur-izbrannaya-klassika-erl-grej	479		BASILUR
425386	Чай Азерчай черный с ароматом бергамота (2г х 100шт), 200г	https://online.metro-cc.ru/products/art_578788	234	209	АЗЕРЧАЙ
596161917	Чай зеленый Richman Young Hyson, 100г	https://online.metro-cc.ru/products/100g-chay-zelenyy-richman-young-hyson	207	169	RICHMAN
123326	Чай Milford Peppermint мята перечная (1.5г х 20шт), 30г	https://online.metro-cc.ru/products/milford-travyanoj-myata-perechnaya-20x15g	107	89.9	MILFORD
257407795	Чай Richard черный апельсин-корица (2г x 25шт), 50г	https://online.metro-cc.ru/products/25h2g-chay-richard-chyornyy-apelsin-koritsa-paketirovan	111	99.9	RICHARD
624337	Напиток чайный Sonnentor При плохой погоде травяной, 50г	https://online.metro-cc.ru/products/travyanoj-pri-plohoj-pogode-sonnentor-50-g	499		SONNENTOR
490819	Чай Althaus Royal Sencha Senpai зеленый (1.75г x 20шт), 35г	https://online.metro-cc.ru/products/althaus-royal-sencha-senpai-zelenyj-v-paketikah-20-175g	429		ALTHAUS
638183	Чай Althaus ассам для чайника черный (4г x 15шт), 60г	https://online.metro-cc.ru/products/15h4g-althaus-chernyj-assam-dlya-chajnika	879		ALTHAUS
194482	Чай Greenfield Jasmine Dream зеленый листовой, 200г	https://online.metro-cc.ru/products/greenfield-zelenyj-jasmine-dream-200g	289		GREENFIELD
607379162	Чай черный Richman Ceylon Orange Pekoe листовой, 100г	https://online.metro-cc.ru/products/100g-chay-chyornyy-richman-ceylon-orange-pekoe-listovoy	207	169	RICHMAN
451647	Чай Greenfield Sicilian Citrus черный с ароматом красного апельсина (1.8г х 20шт), 36г	https://online.metro-cc.ru/products/art_592281	172		GREENFIELD
106478	Чай Майский Корона Российской Империи черный цейлонский крупнолистовой (2г х 100 шт), 200г	https://online.metro-cc.ru/products/majskij-chernyj-korona-rossijskoj-imperii-100-pak-395514	226	189	МАЙСКИЙ
264788494	Чай Richard черный персик-мята (1.7г x 25шт), 43г	https://online.metro-cc.ru/products/25h17g-chay-richard-chyornyy-persik-myata-paketirovannyy	111	99.9	RICHARD
127547	RIOBA Чай черный Мятная свежесть (2г х 20шт), 40г	https://online.metro-cc.ru/products/rioba-chernyj-myatnaya-svezhest-20x2g	285	239	RIOBA
101935	Чай Newby Jasmine Blossom зеленый листовой, 100г	https://online.metro-cc.ru/products/zelenyj-newby-jasmine-blossom-100g	789		NEWBY
228115	Чай Tess Sunrise черный листовой, 200г	https://online.metro-cc.ru/products/tess-chernyj-sunrise-200g	329		TESS
412086	Чай Tess ассорти из 12 вкусов 60шт, 102г	https://online.metro-cc.ru/products/tess-assorti-iz-12-vkusov-v-kartonnoj-korobke-v-sashe-60-pak	519		TESS
619892	Напиток чайный Konigin Herbarium Здоровый сон (1.5г х 20шт), 30г	https://online.metro-cc.ru/products/20h15g-nap-konigin-herbarium-zdorovyj-son	112		KONIGIN HERBARIUM
121756	Чай Akbar Classic Series черный пакетированный (2г х 100шт), 200г	https://online.metro-cc.ru/products/akbar-chernyj-klassicheskij-100h2g	262	229	AKBAR
547996	Чай Richard Royal Kenya Black Tea черный (2г х 100шт), 200г	https://online.metro-cc.ru/products/chernyj-richard-royal-kenya-black-tea-100-tea-bags	309	259	RICHARD
316700115	Напиток Milford чайный 12 трав (2.25г x 20шт), 45г	https://online.metro-cc.ru/products/20h225g-chaynyy-napitok-milford-12-trav		119	MILFORD
617382	Чай Richard Royal Kenya черный крупнолистовой, 180г	https://online.metro-cc.ru/products/180g-richard-royal-kenya	319	199	RICHARD
594428	Чай Basilur Избранная классика Английский завтрак черный, 100г	https://online.metro-cc.ru/products/100g-chaj-basilur-izbran-klassika-angl-zavtrak	479		BASILUR
495577	Чай Greenfield Меджик Юньнань черный (2г x 100шт), 200г	https://online.metro-cc.ru/products/greenfield-medzhik-yunnan-chernyj-100-2g	359		GREENFIELD
102376	Напиток чайный Master Team Каркаде, 250г	https://online.metro-cc.ru/products/chajnyj-napitok-master-team-karkade-sudanskaya-roza-250g	299		MASTER TEAM
208213	Чай Ahmad Tea Earl Grey черный с ароматом бергамота (2г х 25 пак), 50г	https://online.metro-cc.ru/products/ahmad-tea-chernyj-s-aromatom-bergamota-earl-grey-25-pak	139		AHMAD TEA
120011	Чай Принцесса Канди цейлонский черный (2г x 100шт), 200г	https://online.metro-cc.ru/products/princessa-kandi-chernyj-cejlon-100-2g	169		ПРИНЦЕССА КАНДИ
395511	Чай Basilur Leaf of Ceylon Uva черный листовой, 200г	https://online.metro-cc.ru/products/200g-bazilur-uva	709		BASILUR
607377097	Чай зеленый Richard Relax пакетированный (1.5г x 20шт), 30г	https://online.metro-cc.ru/products/20shth15g-chay-zelyonyy-richard-relax-paketirovannyy	113	99.9	RICHARD
615467	Напиток чайный Nature's Own Factory Полезный гречишный с кокосом, 100г	https://online.metro-cc.ru/products/napitok-grechishnyj-s-kokosom-nature-039s-own-factory-100g	589	499	NATURE'S OWN FACTORY
240886167	Чай Curtis черный Pleasure Time шиповник-яблоко-карамель (1.7г x 25шт), 38г	https://online.metro-cc.ru/products/25x17g-chay-curtis-chernyy-pleasure-time-shipyablkaramel	99.9	79.9	CURTIS
607378907	Чай черный Curtis Tender Moments пакетированный (1.5г x 25шт), 37.5г	https://online.metro-cc.ru/products/25shth15g-chay-chyornyy-curtis-tender-moments-paketirovannyy	99.9	79.9	CURTIS
614750	Чай Алтайвита Солнечный день травяной, 40г	https://online.metro-cc.ru/products/40g-altajvita-travyanoj-solnechyj-den	181	169	АЛТАЙВИТА
102000	Чай Newby Green Sencha, зеленый (2г x 50шт), 100г	https://online.metro-cc.ru/products/zelenyj-newby-green-sencha-50-2g	1349		NEWBY
607377222	Чай Richard Royal Gardens ассорти 40шт, 70.5г	https://online.metro-cc.ru/products/705g-chay-richard-royal-gardens-assorti-40sht-paket	409	269	RICHARD
619857	Напиток чайный Konigin Herbarium Чабрец и душица (1.5г х 20шт), 30г	https://online.metro-cc.ru/products/20h15g-nap-konigin-herbarium-chabrec-dushica	112		KONIGIN HERBARIUM
289610582	Сокочай Befruitbe зеленый ананас-клубника-мята, 130г	https://online.metro-cc.ru/products/130g-sokochay-befruitbe-zelyonyy-ananasklubnikamyata	669		BEFRUITBE
607378937	Чай черный Curtis Tender Moments пакетированный (1.5г x 100шт), 150г	https://online.metro-cc.ru/products/100shth15g-chay-chyornyy-curtis-tender-moments-paketirovannyy	289	259	CURTIS
607377327	Чай черный Лисма крепкий пакетированный (2г x 100шт), 200г	https://online.metro-cc.ru/products/100shth2g-chay-chyornyy-lisma-krepkiy-paketirovannyy	231	129	ЛИСМА
288672052	Чай Riston Elite Ceylon черный листовой, 200г	https://online.metro-cc.ru/products/200g-chay-riston-elite-ceylon-chyornyy-listovoy	294		RISTON
607378152	Чай черный Richman India Assam листовой, 100г	https://online.metro-cc.ru/products/100g-chay-chernyy-richman-india-assam-listovoy	207	169	RICHMAN
607380025	Чай черный Befruitbe имбирь-карамель-грецкий орех, 115г	https://online.metro-cc.ru/products/chay-chernyy-befruitbe-imbir-karamel-gretskiy-oreh-115g	609		BEFRUITBE
596292269	Чай черный Richman английский завтрак, 40г	https://online.metro-cc.ru/products/40g-chay-chernyy-richman-angliyskiy-zavtrak	159	129	RICHMAN
188194	Чай Greenfield Kenyan Sunrise черный листовой, 200г	https://online.metro-cc.ru/products/greenfield-chernyj-kenyan-sunrise-200g	289		GREENFIELD
203574	Чай Maitre de The Кения листовой, 100г	https://online.metro-cc.ru/products/maitre-keniya-100g	369		MAITRE DE THE
473943965	RIOBA Чай зеленый с мелиссой (2г x 25шт), 50г	https://online.metro-cc.ru/products/25h2g-chay-rioba-zelenyy-s-melissoy	114		RIOBA
259419	Чай Basilur Остров зеленый листовой, 100г	https://online.metro-cc.ru/products/basilur-zelenyj-ostrov-cejlon-100g	369		BASILUR
313076313	Чай Азерчай черный байховый с бергамотом (2г x 25шт), 50г	https://online.metro-cc.ru/products/25h2g-chay-azerchay-chyornyy-bayhovyy-s-bergamotom-paket	82.9	69.9	АЗЕРЧАЙ
607382165	Чай черный Akbar чабрец пакетированный (1.5г x 100шт), 150г	https://online.metro-cc.ru/products/100shth15g-chay-chyornyy-akbar-chabrets-paketirovannyy	283	219	AKBAR
615233	Напиток чайный Nature's Own Factory Полезный гречишный с манго, 100г	https://online.metro-cc.ru/products/napitok-grechishnyj-s-mango-nature-039s-own-factory-100g	599	539	NATURE'S OWN FACTORY
596351742	Чай Herbarus травяной Спокойствие-баланс (1.8г х 24шт), 43г	https://online.metro-cc.ru/products/24shth18g-chaynyy-napitok-herbarus-spokoystviebalans	226		HERBARUS
86978	Чай Ahmad Tea Jasmine Green Tea зеленый байховый мелкий с жасмином (2г х 100шт), 200г	https://online.metro-cc.ru/products/ahmad-tea-zelenyj-bajhovyj-melkij-s-zhasminom-jasmine-green-tea-100-pak	529		AHMAD TEA
607465511	Чай черный Newby Чабрец пакетированный (2г x 25шт), 50г	https://online.metro-cc.ru/products/chay-chernyy-newby-chabrets-paketirovannyy-2g-x-25sht-50g	1029		NEWBY
473944135	RIOBA Напиток чайный каркаде (1.8г x 25шт), 45г	https://online.metro-cc.ru/products/25x18g-chaynyy-napitok-rioba-karkade	114		RIOBA
478481	Чай Althaus Royal Earl Grey ароматизированный (1.75г х 20шт), 35г	https://online.metro-cc.ru/products/althaus-royal-earl-grey-v-paketikah-20-175g	429		ALTHAUS
607377337	Напиток чайный Richard Immune пакетированный (1.5г x 20шт), 30г	https://online.metro-cc.ru/products/20shth15g-chaynyy-nap-richard-immune-paketirovannyy	113	99.9	RICHARD
607385126	Чай зеленый Basilur Винтажные цветы Тропическая страсть листовой, 75г	https://online.metro-cc.ru/products/chay-zelenyy-basilur-vintazhnye-tsvety-tropicheskaya-strast-listovoy-75g	319	199	BASILUR
625592	Чай Tess Pleasure черный с шиповником и яблоком (1.5г x 25шт), 38г	https://online.metro-cc.ru/products/25h15g-tess-pleasure-paketirovannyj	109		TESS
8910089	Чай Richard Royal Goji & Wild Strawberry ароматизированный (1.7г х 25шт), 42г	https://online.metro-cc.ru/products/chay-richard-godzhi-i-zemlyanika-paketirovannyy-25-x-17g	111	99.9	RICHARD
289691972	Чай Althaus Darjeeling черный пакетированный (1.75г x 20шт), 35г	https://online.metro-cc.ru/products/20h175g-chay-althaus-darjeeling-chernyy-paketirovannyy	429		ALTHAUS
624037	Напиток чайный Sonnentor Радуга хорошего настроения травяной, 50г	https://online.metro-cc.ru/products/travyanoj-raduga-horoshego-nastroeniya-sonnentor-50-g	499		SONNENTOR
259529	Чай Basilur Magic Nights листовой черный, 100г	https://online.metro-cc.ru/products/basilur-chernyj-magic-nights-100g	479		BASILUR
607379152	Чай черный Richard Royal Berries пакетированный (1.5г x 25шт), 38г	https://online.metro-cc.ru/products/25shth15g-chay-chyornyy-richard-royal-berries-paketirovannyy	113	94.9	RICHARD
94252	Чай Akbar Ceylon черный (2г х 100шт), 200г	https://online.metro-cc.ru/products/chernyj-akbar-ceylon-100h2g	262	229	AKBAR
223732	Чай Принцесса Нури Высокогорный черный (2г х 100шт), 200г	https://online.metro-cc.ru/products/princessa-nuri-chernyj-vysokogornyj-100x2g	229		ПРИНЦЕССА НУРИ
607378042	Чай зеленый Richard Digestive пакетированный (1.5г x 20шт), 30г	https://online.metro-cc.ru/products/20shth15g-chay-zelyonyy-richard-digestive-paketirovannyy	113	99.9	RICHARD
130688	Чай Ahmad Tea English Tea No.1 черный листовой с ароматом бергамота, 200г	https://online.metro-cc.ru/products/ahmad-tea-chernyj-listovoj-s-aromatom-bergamota-english-tea-no1-200g	379	299	AHMAD TEA
607847287	Чай зеленый Ahmad Tea Китайский (1.8г x 100шт), 180г	https://online.metro-cc.ru/products/100shth18g-chay-zelenyy-ahmad-tea-kitayskiy	329		AHMAD TEA
136580	Чай Ahmad Tea English Breakfast черный (2г х 25 пак), 50г	https://online.metro-cc.ru/products/ahmad-tea-chernyj-bajhovyj-melkij-english-breakfast-25-pak	139		AHMAD TEA
607837372	Чай черный Susan цейлонский крупнолистовой, 200г	https://online.metro-cc.ru/products/chay-chernyy-susan-tseylonskiy-krupnolistovoy-200g	359	289	SUSAN
607383290	Чай черный Akbar Лесные ягоды пакетированный (1.5г x 25шт), 38г	https://online.metro-cc.ru/products/25shth15g-chay-chyornyy-akbar-lesnye-yagody-paketirovannyy	79.9	59	AKBAR
289691642	Чай Riston Elite English черный с зеленым листовой, 200г	https://online.metro-cc.ru/products/200g-chay-riston-elite-english-chyornyy-s-zelenym-list	294		RISTON
237429037	Чай Richard Tea №1 черный мята-цитрус (2г х 25шт), 50г	https://online.metro-cc.ru/products/25x2g-chay-richard-kings-tea-1-chyornyy-myatatsitrus	111	99.9	RICHARD
619197	Напиток чайный Konigin Herbarium Ромашка (1.5г х 20шт), 30г	https://online.metro-cc.ru/products/20h15g-nap-konigin-herbarium-romashka	112		KONIGIN HERBARIUM
607844153	Чай черный Ahmad Tea Классический листовой, 500г	https://online.metro-cc.ru/products/500g-chay-chernyy-ahmad-tea-klassicheskiy-listovoy	819		AHMAD TEA
452643	Набор чая Ahmad Tea Four Season's Tea Collection ассорти 15 вкусов (2г х 90шт), 180г	https://online.metro-cc.ru/products/ahmad-tea-nabor-assorti-laquofour-season-rsquos-raquo-15-vkusov-v-kartonnoj-korobke-90-sashe	819		AHMAD TEA
127256	Чай Newby Earl Grey черный листовой, 100г	https://online.metro-cc.ru/products/newby-chernyj-earl-grey-100g	789		NEWBY
607465501	Чай зеленый Newby Сенча листовой, 100г	https://online.metro-cc.ru/products/chay-zelenyy-newby-sencha-listovoy-100g	849		NEWBY
638163	Чай Althaus с жасмином для чайника зеленый (4г x 15шт), 60г	https://online.metro-cc.ru/products/15h4g-althaus-zel-s-zhasminom-dlya-chajnika	879		ALTHAUS
619437	Чай Чёрный дракон зеленый молочный, 100г	https://online.metro-cc.ru/products/100g-chyornyj-drakon-molochnyj-zelenyj	199		ЧЁРНЫЙ ДРАКОН
607377342	Чай Curtis Citrus Groove пакетированный (1.5г x 25шт), 37.5г	https://online.metro-cc.ru/products/25shth15g-chay-curtis-citrus-groove-paketirovannyy	99.9	79.9	CURTIS
607387326	Чай черный Basilur Винтажные цветы Цитрусовое наслаждение листовой, 75г	https://online.metro-cc.ru/products/chay-chernyy-basilur-vintazhnye-tsvety-tsitrusovoe-naslazhdenie-listovoy-75g	319	199	BASILUR
550287456	RIOBA Напиток чайный ромашковый (1.2г x 25шт), 30г	https://online.metro-cc.ru/products/rioba-napitok-chaynyy-romashkovyy-12g-x-25	97.9		RIOBA
163589	Чай Milford шиповник (2г х 20 пак), 40г	https://online.metro-cc.ru/products/art_468775	107	99	MILFORD
620107	Чай Чёрный дракон женьшеневый улун, 100г	https://online.metro-cc.ru/products/100g-chyornyj-drakon-zhenshenevyj-ulun	244		ЧЁРНЫЙ ДРАКОН
603139845	Чай зеленый Greenfield Flying Dragon листовой, 100г	https://online.metro-cc.ru/products/100g-chay-zelenyy-greenfield-flying-dragon-listovoy	194		GREENFIELD
451658	Чай Greenfield Rich Ceylon черный (2г x 20шт), 40г	https://online.metro-cc.ru/products/art_592282	166		GREENFIELD
607844888	Чай черный Ahmad Tea Клубника со сливками (1.5г x 25шт), 37.5г	https://online.metro-cc.ru/products/25shth15g-chay-chernyy-ahmad-tea-klubnika-so-slivkami	119	109	AHMAD TEA
6133901	Чай черный Алтайвита со смородиной (2г х 15пак), 30г	https://online.metro-cc.ru/products/chernyj-altajvita-so-smorodinoj-15x2g	131	109	АЛТАЙВИТА
318027211	Чай Just T зеленый China Green Jewel (2г x 20шт), 40г	https://online.metro-cc.ru/products/20h2g-chay-just-t-zelenyy-china-green-jewel-pak	449		JUST T
614561	Чай Curtis Delicate черный (1.7г x 25шт), 43г	https://online.metro-cc.ru/products/25sht-curtis-delikato-chernyj	99.9	79.9	CURTIS
539550	RIOBA Чай Пляжный мохито черный (2г х 20шт), 40г	https://online.metro-cc.ru/products/rioba-plyazhnyj-mohito-chernyj-20-paketikov-h-2-g	275	239	RIOBA
92809	Чай Принцесса Нури черный цейлонский (2г x 100шт), 200г	https://online.metro-cc.ru/products/princessa-nuri-chernyj-cejlonskij-100x2g	239		ПРИНЦЕССА НУРИ
608271127	Чай травяной Ahmad Tea Гибискус-персик-малина (1.8г x 20шт), 36г	https://online.metro-cc.ru/products/20shth18g-chay-travyanoy-ahmad-tea-gibiskuspersikmalina	139	119	AHMAD TEA
8910084	Чай Richard Royal Lemon ароматизированный (1.7г х 25шт), 42г	https://online.metro-cc.ru/products/chay-richard-royal-lemon-paketirovannyy-25-x-17g	111	99.9	RICHARD
313874895	Чай Азерчай черный букет (2г x 25шт), 50г	https://online.metro-cc.ru/products/25h2g-chay-azerchay-chyornyy-buket-paketirovannyy	82.9	69.9	АЗЕРЧАЙ
604484840	Чай черный Tess Pleasure шиповник-яблоко листовой, 100г	https://online.metro-cc.ru/products/100g-chay-chernyy-tess-pleasure-shipovnikyabloko-listovoy	139		TESS
607379047	Чай зеленый Niktea Молочный улун пакетированный (2г x 25шт), 50г	https://online.metro-cc.ru/products/25shth2g-chay-zelenyy-niktea-molochnyy-ulun-paketirovannyy	159		NIKTEA
595123	Чай Basilur Китайский чай Молочный улун зеленый, 100г	https://online.metro-cc.ru/products/100g-chaj-basilur-kitajskij-chaj-molochn-ulun	349		BASILUR
614906	Чай Алтайвита Витаминный коктейль травяной, 40г	https://online.metro-cc.ru/products/40g-altajvita-travyanoj-vitamin-koktejl	181	169	АЛТАЙВИТА
607844128	Чай черный Ahmad Tea Персик-маракуйя (1.5г x 25шт), 37.5г	https://online.metro-cc.ru/products/25shth15g-chay-chernyy-ahmad-tea-persikmarakuyya	119	109	AHMAD TEA
619797	Напиток чайный Konigin Herbarium Теплый шарф (1.5г х 20шт), 30г	https://online.metro-cc.ru/products/20h15g-nap-konigin-herbarium-tyoplyj-sharf	112		KONIGIN HERBARIUM
619242	Напиток чайный Konigin Herbarium Приятная легкость (1.5г х 20шт), 30г	https://online.metro-cc.ru/products/20h15g-nap-konigin-herbarium-priyatnaya-lyogkost	112		KONIGIN HERBARIUM
538598	Чай Green Panda Загадка Тибета черный пуэр крупнолистовой, 100г	https://online.metro-cc.ru/products/zelenaya-panda-zagadka-tibeta-chernyj-puer-100-g	201		GREEN PANDA
625452	Чай Greenfield Earl grey fantasy черный с бергамотом, 100г	https://online.metro-cc.ru/products/100g-greenfield-earl-grey-listovoj	196		GREENFIELD
550287126	RIOBA Напиток чайный ройбуш ягодный (1.5г x 25шт), 37г	https://online.metro-cc.ru/products/rioba-napitok-chaynyy-roybush-yagodnyy-15g-x-25	121		RIOBA
607377347	Чай черный Richard Energy пакетированный (1.7г x 20шт), 34г	https://online.metro-cc.ru/products/20shth17g-chay-chyornyy-richard-energy-paketirovannyy	113	99.9	RICHARD
411936	Чай Майский черный (2г х 200шт), 400г	https://online.metro-cc.ru/products/chernyj-majskij-v-sashetah-200h2g	629	599	МАЙСКИЙ
498961	Чай Maitre de The Луи Дор черный, 150г	https://online.metro-cc.ru/products/maitre-de-the-lui-dor-chernyj-v-zheleznoj-banke-150-g	659		MAITRE DE THE
607380905	Чай черный Befruitbe ананас-яблоко-мята, 140г	https://online.metro-cc.ru/products/chay-chernyy-befruitbe-ananas-yabloko-myata-140g	669		BEFRUITBE
538346	Чай Green Panda Красный петух крупнолистовой, 100г	https://online.metro-cc.ru/products/zelenaya-panda-krasnyj-petuh-krupnyj-list-100-g	197		GREEN PANDA
126882	Чай Greenfield Golden Ceylon черный крупнолистовой, 100г	https://online.metro-cc.ru/products/100g-chernyj-zolotoj-cejlon-428444	196		GREENFIELD
624002	Напиток чайный Sonnentor Цветки липы, травяной, 35г	https://online.metro-cc.ru/products/napitok-sonnentor-cvetki-lipy-travyanoj-35-g	679		SONNENTOR
473943970	RIOBA Чай зеленый классический (2г x 25шт), 50г	https://online.metro-cc.ru/products/25h2g-chay-rioba-zelenyy-klassicheskiy	94.9		RIOBA
607353689	Чай черный Yantra Ceylon завтрак (2г x 100шт), 200г	https://online.metro-cc.ru/products/chay-chernyy-yantra-ceylon-zavtrak-2g-x-100sht-200g	549		YANTRA
550299066	RIOBA Чай черный классический (2г x 25шт), 50г	https://online.metro-cc.ru/products/rioba-chay-chernyy-klassicheskiy-2g-x-25	105		RIOBA
519720	Чай Richard Royal Ceylon черный, 90г	https://online.metro-cc.ru/products/chernyj-richard-royal-ceylon-90g	145	129	RICHARD
607463796	Чай черный Richman Organic Бергамот среднелистовой (2г x 20шт), 40г	https://online.metro-cc.ru/products/chay-chernyy-richman-organic-bergamot-srednelistovoy-2g-x-20sht-40g	264		RICHMAN
607465521	Чай черный Richman Organic цейлонский среднелистовой (2г x 20шт), 40г	https://online.metro-cc.ru/products/chay-chernyy-richman-organic-tseylonskiy-srednelistovoy-2g-x-20sht-40g	259		RICHMAN
490825	Чай Althaus Deli Packs English Breakfast черный (1.75г x 20шт), 35г	https://online.metro-cc.ru/products/althaus-deli-packs-english-breakfast-20-p-h-175-g	429		ALTHAUS
603139840	Чай черный Greenfield Redberry Crumble пирамидки (1.8г x 20шт), 36г	https://online.metro-cc.ru/products/20shtx18g-chay-chernyy-greenfield-redberry-crumble-piramidki	162		GREENFIELD
259538	Чай Basilur Masala Chai листовой черный, 100г	https://online.metro-cc.ru/products/chernyj-basilur-masala-100g	479		BASILUR
594486	Чай Basilur Китайский чай Молочный улун (1.5г х 100шт), 150г	https://online.metro-cc.ru/products/100x15g-chaj-basilur-kitajskij-molochnyj-ulun	589		BASILUR
550299061	RIOBA Чай черный Эрл грей (2г x 25шт), 50г	https://online.metro-cc.ru/products/rioba-chay-chernyy-erl-grey-2g-x-25	115		RIOBA
473721201	RIOBA Чай зеленый классический (2г x 100шт), 200г	https://online.metro-cc.ru/products/100h2g-chay-rioba-zelenyy-klassicheskiy	479		RIOBA
104867	Чай Ahmad Tea Green Tea зеленый (2г х 25 пак), 50г	https://online.metro-cc.ru/products/ahmad-tea-zelenyj-25h2-g	149		AHMAD TEA
259209	Чай Basilur Белая луна зеленый, 100г	https://online.metro-cc.ru/products/chernyj-basilur-magic-nights-100g	479		BASILUR
623577	Напиток чайный Sonnentor Время ложиться спать травяной, 50г	https://online.metro-cc.ru/products/travyanoj-vremya-lozhitsya-spat-sonnentor-50-g	499		SONNENTOR
607844893	Чай черный Ahmad Tea Магия манго (1.5г x 25шт), 37.5г	https://online.metro-cc.ru/products/25shth15g-chay-chernyy-ahmad-tea-magiya-mango	119	109	AHMAD TEA
240886662	Напиток Nature's Own Factory гречишный чайный банан-клубника, 75г	https://online.metro-cc.ru/products/75g-grechishnyy-chaynyy-napitok-natures-factory-bananklubnika	469	429	NATURE'S OWN FACTORY
240997267	Напиток Nature's Own Factory гречишный чайный груша-ваниль, 75г	https://online.metro-cc.ru/products/75g-grechishnyy-chaynyy-napitok-natures-factory-grushavanil	469	429	NATURE'S OWN FACTORY
607378092	Чай зеленый Richman China Milk Oolong листовой, 100г	https://online.metro-cc.ru/products/100g-chay-zelyonyy-richman-china-milk-oolong-listovoy	255	209	RICHMAN
474377640	RIOBA Чай черный классический (2г x 100шт), 200г	https://online.metro-cc.ru/products/100h2g-chay-rioba-chernyy-klassicheskiy	409		RIOBA
203489	Чай Майский Корона Российской Империи черный крупнолистовой, 100г	https://online.metro-cc.ru/products/majskij-chernyj-korona-rossijskoj-imperii-100g	118	99.9	МАЙСКИЙ
517570	Чай Richard Royal English Breakfast черный (2г х 25шт), 50г	https://online.metro-cc.ru/products/chernyj-richard-royal-english-breakfast-25-paketikov	111	99.9	RICHARD
619087	Чай Чёрный дракон зеленый с жасмином, 100г	https://online.metro-cc.ru/products/100g-chyornyj-drakon-zelyonyj-s-zhasminom	199		ЧЁРНЫЙ ДРАКОН
316699950	Чай Just T белый Darling Peach (2г x 20шт), 40г	https://online.metro-cc.ru/products/20h2g-chay-just-t-belyy-darling-peach-paketirovannyy	449		JUST T
607381950	Чай зеленый Akbar малиновая роза пакетированный (1.5г x 25шт), 38г	https://online.metro-cc.ru/products/25shth15g-chay-zelyonyy-akbar-malinovaya-roza-paketirovannyy	79.9	59	AKBAR
607384385	Чай черный Akbar клубника-базилик пакетированный (1.5г x 25шт), 38г	https://online.metro-cc.ru/products/25shth15g-chay-chyornyy-akbar-klubnikabazilik-paketirovannyy	79.9	59	AKBAR
473944140	RIOBA Чай черный с ароматом лимона (2г x 25шт), 50г	https://online.metro-cc.ru/products/25h2g-chay-rioba-chernyy-s-aromatom-limona	114		RIOBA
603138095	Чай черный Принцесса Нури Солнце цейлона листовой, 250г	https://online.metro-cc.ru/products/250g-chay-chernyy-printsessa-nuri-solntse-tseylona-listovoy	329		ПРИНЦЕССА НУРИ
318016541	Чай Just T зеленый Unforget Morrocan mint (1г x 20шт), 20г	https://online.metro-cc.ru/products/20h1g-chay-just-t-zelenyy-unforget-moroccan-mint-pak	449		JUST T
318027216	Чай Just T черный Sunrise Breakfast (3г x 20шт), 60г	https://online.metro-cc.ru/products/20h3g-chay-just-t-chyornyy-sunrise-breakfast-pak	449		JUST T
607378022	Чай черный Curtis Perfect Brunch пакетированный (1.7г x 25шт), 42.5г	https://online.metro-cc.ru/products/25shth17g-chay-chyornyy-curtis-perfect-brunch-paketirovannyy	99.9	79.9	CURTIS
607847022	Чай зеленый Ahmad Tea Китайский (1.8г x 25шт), 45г	https://online.metro-cc.ru/products/25shth18g-chay-zelenyy-ahmad-tea-kitayskiy	77.9		AHMAD TEA
311826802	Чай Akbar Mountain Fresh черный пакетированный (2г x 25шт), 50г	https://online.metro-cc.ru/products/25h2g-chay-akbar-mountain-fresh-chyornyy-paketirovannyy	94.9	59.9	AKBAR
607353289	Фильтр-пакет Yantra для заваривания листового чая размер M 80шт, 42г	https://online.metro-cc.ru/products/filtr-paket-yantra-dlya-zavarivaniya-listovogo-chaya-razmer-m-80sht	329		YANTRA
635241	Чай Принцесса Нури высокогорный черный (2г x 25шт), 50г	https://online.metro-cc.ru/products/25h2g-princessa-nuri-vysokogornyj	67.9		ПРИНЦЕССА НУРИ
625722	Чай Принцесса Нури Лимон черный ароматизированный (1.5г x 25шт), 38г	https://online.metro-cc.ru/products/25h15g-princessa-nuri-limon-paketirovan	67.9		ПРИНЦЕССА НУРИ
121445	Чай Ahmad Tea черный English №1 (2г х 25 пак), 50г	https://online.metro-cc.ru/products/ahmad-tea-chernyj-english-tea-1-25h2g	146		AHMAD TEA
607379032	Чай зеленый Niktea Красная поляна пакетированный (1.75г x 25шт), 44г	https://online.metro-cc.ru/products/25shth175g-chay-zelenyy-niktea-krasnaya-polyana-paketirovannyy	161		NIKTEA
607377177	Чай зеленый Niktea Жасмин Эмеральд пакетированный (2г x 25шт), 50г	https://online.metro-cc.ru/products/25shth2g-chay-zelenyy-niktea-zhasmin-emerald-paketirovannyy	159		NIKTEA
412744	Чай Ahmad Tea Jasmine Green Tea зеленый с жасмином (2г х 25шт), 50г	https://online.metro-cc.ru/products/ahmad-tea-s-zhasminom-zelenyj-25h2-g	139		AHMAD TEA
596351737	Чайный напиток Herbarus Ассорти (1.8г х 24шт), 43г	https://online.metro-cc.ru/products/24shth18g-chaynyy-napitok-herbarus-assorti	226		HERBARUS
601245388	Чайный напиток Herbarus Заряд витаминов (1.8г x 24шт), 43.2г	https://online.metro-cc.ru/products/24h18g-chaynyy-napitok-herbarus-zaryad-vitaminov	226		HERBARUS
607378957	Чай черный Curtis Perfect Brunch пакетированный (1.7г x 100шт), 170г	https://online.metro-cc.ru/products/100shth17g-chay-chyornyy-curtis-perfect-brunch-paketirovannyy	286	259	CURTIS
538453	Чай Green Panda Нефритовый сад зеленый сенча крупнолистовой, 100г	https://online.metro-cc.ru/products/kitajskij-zelenyj-nefritovyj-sad-green-panda-100g	279		GREEN PANDA
506429	Чай Greenfield English Edition листовой черный, 200г	https://online.metro-cc.ru/products/greenfield-chernyj-english-edition-200g	289		GREENFIELD
607382015	Чай зеленый Akbar мелисса-вербена пакетированный (2г x 25шт), 50г	https://online.metro-cc.ru/products/25shth2g-chay-zelyonyy-akbar-melissaverbena-paketirovannyy	79.9	59	AKBAR
615323	Напиток Nature's Own Factory Гречишный чайный (3г х 10шт), 30г	https://online.metro-cc.ru/products/30g-napitok-natures-own-factory-grech	266	229	NATURE'S OWN FACTORY
601354163	Чай черный Befruitbe имбирь-апельсин-малина листовой, 50г	https://online.metro-cc.ru/products/50g-sokochay-chernyy-befruitbe-imbirapelsinmalina	285	229	BEFRUITBE
385652	Чай Ahmad Tea черный классический (2г х 25шт), 50г	https://online.metro-cc.ru/products/ahmad-tea-chernyj-klassicheskij-25h2g	99.9		AHMAD TEA
607377332	Чай черный Richard Бергамот-лимон листовой, 90г	https://online.metro-cc.ru/products/90g-chay-chyornyy-richard-bergamotlimon-listovoy	145	129	RICHARD
625337	Чай Принцесса Нури Высокогорный черный, листовой, 250г	https://online.metro-cc.ru/products/250g-princessa-nuri-vysokogornyj-listovoj	199		ПРИНЦЕССА НУРИ
607379157	Чай черный Richard Royal Kenya пакетированный (2г x 25шт), 50г	https://online.metro-cc.ru/products/25shth2g-chay-chyornyy-richard-royal-kenya-paketirovannyy	111	99.9	RICHARD
240886177	Чай Майский черный сердце цейлона, 100г	https://online.metro-cc.ru/products/100g-chay-mayskiy-chernyy-serdtse-tseylona-listovoy	118	99.9	МАЙСКИЙ
626167	Чай Принцесса Канди Медиум черный, листовой, 200г	https://online.metro-cc.ru/products/200g-princessa-kandi-medium-listovoj	169		ПРИНЦЕССА КАНДИ
550299116	RIOBA Чай черный с мятой (2г x 25шт), 50г	https://online.metro-cc.ru/products/rioba-chay-chernyy-s-myatoy-2g-x-25	96.9		RIOBA
607838322	Чай черный Susan цейлонский с бергамотом крупнолистовой, 100г	https://online.metro-cc.ru/products/chay-chernyy-susan-tseylonskiy-s-bergamotom-krupnolistovoy-100g	209	169	SUSAN
240996772	Чай Майский черный сердце цейлона (1.7г x 100шт), 170г	https://online.metro-cc.ru/products/100x17g-chay-mayskiy-chernyy-serdtse-tseylona-paketirovannyy	226	169	МАЙСКИЙ
609095	aro Чай черный пакетированный (1.8г х 20шт), 36г	https://online.metro-cc.ru/products/20x18g-aro-chernyj-pak	23.99		ARO
506110	Чай Greenfield Royal Earl Grey с бергамотом черный (2г x 20шт), 40г	https://online.metro-cc.ru/products/greenfield-chernyj-s-bergamotom-royal-earl-grey-v-sashe-20-piramidok	189		GREENFIELD
141110	Чай Майский черный отборный (2г x 25шт), 50г	https://online.metro-cc.ru/products/majskij-chernyj-otbornyj-25h2-g	61.9	54.9	МАЙСКИЙ
238066	Чай Curtis Isabella Grape черный пирамидки (1.8г х 20 пак), 36г x 2 шт	https://online.metro-cc.ru/products/chernyj-curtis-isabella-grape-piramidki-20x18g-505404	278	137.8	CURTIS
601742803	Чай черный Принцесса Ява сочный лимон в пакетиках (1.5г x 25шт), 38г	https://online.metro-cc.ru/products/25shth15g-chay-zelenyy-printsessa-yava-sochnyy-limon-v-paketikah	69.9		ПРИНЦЕССА ЯВА
607377352	Чай черный Niktea Английский завтрак пакетированный (2г x 25шт), 50г	https://online.metro-cc.ru/products/25shth2g-chay-chernyy-niktea-angliyskiy-zavtrak-paketirovannyy	159		NIKTEA
240886172	Чай Майский черный сердце цейлона (1.7г x 25шт), 43г	https://online.metro-cc.ru/products/25x17g-chay-mayskiy-chernyy-serdtse-tseylona-paketirovannyy		59	МАЙСКИЙ
311826797	Чай Akbar Gold черный пакетированный (2г x 25шт), 50г	https://online.metro-cc.ru/products/25h2g-chay-akbar-gold-chyornyy-paketirovannyy	115	74.9	AKBAR
550287461	RIOBA Чай черный цветущий сад (2г x 25шт), 50г	https://online.metro-cc.ru/products/rioba-chay-chernyy-tsvetuschiy-sad-2g-x-25	123		RIOBA
225983	Чай Принцесса Нури высокогорный черный (2г x 50 шт), 100г	https://online.metro-cc.ru/products/chernyj-princessa-nuri-vysokogornyj-50h2g	133		ПРИНЦЕССА НУРИ
607846847	Чай зеленый Ahmad Tea Без кофеина (1.5г x 20шт), 30г	https://online.metro-cc.ru/products/20shth15g-chay-zelenyy-ahmad-tea-bez-kofeina	139	119	AHMAD TEA
112138	Чай Лисма черный крепкий (2г х 25шт), 50г	https://online.metro-cc.ru/products/lisma-chernyj-krepkij-25h2g	48.49	42.9	ЛИСМА
603139835	Чай черный Tess Sunrise в пакетиках (1.8г x 25шт), 45г	https://online.metro-cc.ru/products/25shtx18g-chay-chernyy-tess-sunrise-v-paketikah	109		TESS
603139830	Чай черный Tess High Ceylon в пакетиках (2.25г x 25шт), 56г	https://online.metro-cc.ru/products/25shtx225g-chay-chernyy-tess-high-ceylon-v-paketikah	109		TESS
6133786	Чай черный Алтайвита с шиповником (2г х 15пак), 30г	https://online.metro-cc.ru/products/chernyj-altajvita-s-shipovnikom-15x2g	131	109	АЛТАЙВИТА
386093	Чай Richard Royal Ceylon черный байховый (2г х 25шт), 50г	https://online.metro-cc.ru/products/richard-chernyj-bajhovyj-royl-ceylon-v-sashe-25-pak	111	99.9	RICHARD
626272	Чай Принцесса Канди Медиум черный, листовой, 100г	https://online.metro-cc.ru/products/100g-princessa-kandi-medium-listovoj	68.9		ПРИНЦЕССА КАНДИ
634731	Чай Принцесса Нури отборный черный (2г x 25шт), 50г	https://online.metro-cc.ru/products/25h2g-princessa-nuri-otbornyj	62.9		ПРИНЦЕССА НУРИ
603138100	Чай черный Принцесса Нури высокогорный листовой, 100г	https://online.metro-cc.ru/products/100g-chay-chernyy-printsessa-nuri-vysokogornyy-listovoy	98.9		ПРИНЦЕССА НУРИ
183153	Чай Принцесса Ява Традиционный зеленый (2г х 25шт), 50г	https://online.metro-cc.ru/products/princessa-yava-zelenyj-25h2g	64.9		ПРИНЦЕССА ЯВА
406539	Чай Майский Корона Российской Империи черный (2г х 25 шт), 50г	https://online.metro-cc.ru/products/chernyj-majskij-korona-rossijskoj-imperii-25x2g	61.9	54.9	МАЙСКИЙ
607382160	Чай черный Akbar чабрец пакетированный (1.5г x 25шт), 38г	https://online.metro-cc.ru/products/25shth15g-chay-chyornyy-akbar-chabrets-paketirovannyy	79.9	59	AKBAR
8910359	Чай Лисма насыщенный пакетированный (1.8г x 25шт), 45г	https://online.metro-cc.ru/products/chay-lisma-nasyschennyy-paketirovannyy-25-x-18g	51.9	42.9	ЛИСМА
607378142	Чай черный Майский Лесные ягоды пакетированный (1.5г x 25шт), 37.5г	https://online.metro-cc.ru/products/25shth15g-chay-chyornyy-mayskiy-lesnye-yagody-paketirovannyy	63.9	53.9	МАЙСКИЙ
603136515	Чай черный Принцесса Канди цейлон в пакетиках (2г x 25шт), 50г	https://online.metro-cc.ru/products/25shth2g-chay-chernyy-printsessa-kandi-tseylon-v-paketikah	64.9		ПРИНЦЕССА КАНДИ
567683	Чай Richard Royal Ceylon черный байховый (2г х 25 пак), 50г x 12 шт	https://online.metro-cc.ru/products/richard-royal-ceylon-chernyj-25-2g	1198.8		RICHARD
607462041	Чай зеленый Newby Марокканский с мятой листовой, 100г	https://online.metro-cc.ru/products/chay-zelenyy-newby-marokkanskiy-s-myatoy-listovoy-100g	1049		NEWBY
403258188	Чай Майский Корона Российской Империи черный цейлонский крупнолистовой, 200г x 12 шт	https://online.metro-cc.ru/products/200g-chay-mayskiy-korona-rossiyskoy-imperii-chern	2628		МАЙСКИЙ
607462051	Чай черный Newby Масала листовой, 100г	https://online.metro-cc.ru/products/chay-chernyy-newby-masala-listovoy-100g	1099		NEWBY
607465506	Чай черный Newby Имбирь пакетированный (2г x 25шт), 50г	https://online.metro-cc.ru/products/chay-chernyy-newby-imbir-paketirovannyy-2g-x-25sht-50g	979		NEWBY
567810	Чай Richard Royal Ceylon черный байховый (2г х 100пак), 200г x 6 шт	https://online.metro-cc.ru/products/richard-royl-ceylon-chernyj-bajhovyj-100-2g	1554		RICHARD
554072	Чай Майский Корона Российской Империи черный цейлонский крупнолистовой (2г х 100пак), 200г x 6 шт	https://online.metro-cc.ru/products/majskij-chernyj-korona-rossijskoj-imperii-100-pak	1134		МАЙСКИЙ
607844148	Чай черный Ahmad Tea Цейлонский (2г x 25шт), 50г	https://online.metro-cc.ru/products/25shth2g-chay-chernyy-ahmad-tea-tseylonskiy	119	109	AHMAD TEA
567569	Чай Майский Цейлон черный отборный (2г х 100пак), 200г x 6 шт	https://online.metro-cc.ru/products/majskij-chernyj-otbornyj-cejlon-100-pak	1134		МАЙСКИЙ
567608	Чай Richard Lord Grey черный байховый в саше (2г х 25 пак), 50г x 12 шт	https://online.metro-cc.ru/products/richard-lord-grey-chernyj-bajhovyj-25-2g	1198.8		RICHARD
228071	Чай Принцесса Нури высокогорный черный (50 пакетиков x 2г), 100г x 3 шт	https://online.metro-cc.ru/products/chernyj-princessa-nuri-vysokogornyj-50h2g-71827	357		ПРИНЦЕССА НУРИ
603139825	Чай черный Гита индийский в пакетиках (2г x 25шт), 50г	https://online.metro-cc.ru/products/25shth2g-chay-chernyy-gita-indiyskiy-v-paketikah	38.99		ГИТА
601742823	Чай Greenfield набор 24 вида, 167г	https://online.metro-cc.ru/products/1672g-chay-greenfield-nabor-24-vida	749		GREENFIELD
221235	Чай Greenfield Earl Grey Fantasy черный (2г х 25 пак), 50г	https://online.metro-cc.ru/products/greenfield-chernyj-cejlonskij-bajhovyj-s-aromatom-bergamota-earl-grey-fantasy-sashe-25-2g	109	89.9	GREENFIELD
506058	Чай Tess Kenya черный байховый (2г x 100шт), 200г	https://online.metro-cc.ru/products/tess-kenya-chernyj-bajhovyj-100-2g	359	249	TESS
522116	Чай Maitre de The ассорти Exсlusive Collection 12 вкусов, 120г	https://online.metro-cc.ru/products/maitre-assorti-exslusive-collection-12-vkusov-v-sashe-60-pak	369		MAITRE DE THE
607462056	Чай черный Newby Цейлон листовой, 100г	https://online.metro-cc.ru/products/chay-chernyy-newby-tseylon-listovoy-100g	919		NEWBY
463054	Чай Master Team черный байховый крупнолистовой, 800г	https://online.metro-cc.ru/products/master-team-standart-704-chernyj-bajhovyj-cejlonskij-vysshego-sorta-800gr	959		MASTER TEAM
473944130	RIOBA Чай ассорти пакетированный 9 вкусов, 173г	https://online.metro-cc.ru/products/173g-chay-rioba-assorti-paketirovannyy-9-vkusov	479		RIOBA
607380910	Чай черный Befruitbe имбирь-апельсин-малина, 100г	https://online.metro-cc.ru/products/chay-chernyy-befruitbe-imbir-apelsin-malina-100g	609		BEFRUITBE
620037	Чай Чёрный дракон молочный улун, 100г	https://online.metro-cc.ru/products/100g-chyornyj-drakon-molochnyj-ulun	244		ЧЁРНЫЙ ДРАКОН
607845623	Чай черный Ahmad Tea Earl Grey листовой, 500г	https://online.metro-cc.ru/products/500g-chay-chernyy-ahmad-tea-erl-grey-listovoy	1029		AHMAD TEA
635146	Чайное Ассорти Ahmad Tea Collection 8 вкусов 40шт, 71г	https://online.metro-cc.ru/products/40pak-chaj-ahmad-tea-kollekciya-8-vkusov	409	269	AHMAD TEA
119278	Чай Maitre de The Lux Noir черный листовой, 100г	https://online.metro-cc.ru/products/maitre-chernyj-lux-noir-100g	369		MAITRE DE THE
607463751	Чай травяной Newby Цветы ромашки пакетированный (1.5г x 25шт), 37.5г	https://online.metro-cc.ru/products/chay-travyanoy-newby-tsvety-romashki-paketirovannyy-15g-x-25sht-375g	819		NEWBY
607385111	Напиток чайный Basilur Фруктовое вдохновение Том IV ассорти (2г x 20шт), 40г	https://online.metro-cc.ru/products/napitok-chaynyy-basilur-fruktovoe-vdohnovenie-tom-iv-assorti-2g-x-20sht-40g	299	199	BASILUR
603139820	Чай черный Принцесса Нури высокогорный гранулированный, 250г	https://online.metro-cc.ru/products/250g-chay-chernyy-printsessa-nuri-vysokogornyy-granulirovannyy	219		ПРИНЦЕССА НУРИ
601243628	Чайный напиток Herbarus Имбирная энергия (2г x 24шт), 48г	https://online.metro-cc.ru/products/24h2g-chaynyy-napitok-herbarus-imbirnaya-energiya	226		HERBARUS
607386096	Чай черный Befruitbe ананас-вишня-лемонграсс, 130г	https://online.metro-cc.ru/products/chay-chernyy-befruitbe-ananas-vishnya-lemongrass-130g	639	499	BEFRUITBE
634646	Чай Basilur 2в1 в ассортименте, 100г	https://online.metro-cc.ru/products/100g-chaj-basilur-2v1-v-assortimente-zh-b	709	499	BASILUR
607387171	Чай Basilur Винтажные цветы ассорти (1.5г x 40шт), 60г	https://online.metro-cc.ru/products/chay-basilur-vintazhnye-tsvety-assorti-15g-x-40sht-60g	499	399	BASILUR
316700005	Чай Just T черный Baby It's cold outside (1.75г x 20шт), 35г	https://online.metro-cc.ru/products/20h175g-chay-just-t-chyornyy-baby-its-cold-outside-pak	449		JUST T
122018	Чай Tess Pleasure с шиповником и яблоком черный, 200г	https://online.metro-cc.ru/products/tess-chernyj-shipovnik-yabloko-pleasure-200g	329		TESS
607378857	Чай зеленый Майский Китайский пакетированный (2г x 25шт), 50г	https://online.metro-cc.ru/products/25shth2g-chay-zelyonyy-mayskiy-kitayskiy-paketirovannyy	63.9	53.9	МАЙСКИЙ
608272827	Чай черный Ahmad Tea Эрл Грей без кофеина (1.8г x 20шт), 36г	https://online.metro-cc.ru/products/20shth18g-chay-chernyy-ahmad-tea-erl-grey-bez-kofeina	139	119	AHMAD TEA
608269527	Чай травяной Ahmad Tea Гибискус-клубника-перец чили (1.8г x 20шт), 36г	https://online.metro-cc.ru/products/20shth18g-chay-travyanoy-ahmad-tea-gibiskklubnikaperets-chili	139	119	AHMAD TEA
313076453	Набор Hilltop подарочный чай мини-сумочка, 30г	https://online.metro-cc.ru/products/30g-pn-chay-hilltop-mini-sumochka	319	249	HILLTOP
607385131	Напиток чайный Basilur Фруктовое вдохновение Том III ассорти (2г x 20шт), 40г	https://online.metro-cc.ru/products/napitok-chaynyy-basilur-fruktovoe-vdohnovenie-tom-iii-assorti-2g-x-20sht-40g	292	199	BASILUR
608269532	Чай черный Ahmad Tea Без кофеина (2г x 20шт), 40г	https://online.metro-cc.ru/products/20shth2g-chay-chernyy-ahmad-tea-bez-kofeina	139	119	AHMAD TEA
592323358	Чай Hilltop Цейлонское утро конверт Праздничный вечер черный крупнолистовой, 100г	https://online.metro-cc.ru/products/100g-chay-hilltop-tseylonskoe-utro-konvert	259	199	HILLTOP
541554	Чай зеленый Ahmad Tea Professional Жасмин (2г x 300шт), 600г	https://online.metro-cc.ru/products/300shth2g-chay-zelenyy-ahmad-tea-professional-zhasmin	1199		AHMAD TEA
608447152	Чай черный Ahmad Tea Professional Летний чабрец (2г x 300шт), 600г	https://online.metro-cc.ru/products/300shth2g-chay-chernyy-ahmad-tea-professional-letniy-chabrets	1299		AHMAD TEA
608446042	Чай черный Ahmad Tea Professional Классический (2г x 300шт), 600г	https://online.metro-cc.ru/products/300shth2g-chay-chernyy-ahmad-tea-professional-klassicheskiy	1299		AHMAD TEA
105902	Чай Ahmad Tea Earl Grey черный листовой, 200г x 2 шт	https://online.metro-cc.ru/products/ahmad-tea-chernyj-earl-grey-200g	758		AHMAD TEA
593260675	Чай Befruitbe черный Счастья в новом году, 50г	https://online.metro-cc.ru/products/50g-chay-befruitbe-chernyy-schastya-zel	103	69	BEFRUITBE
608447147	Чай черный Ahmad Tea Professional Эрл Грей (2г x 300шт), 600г	https://online.metro-cc.ru/products/300shth2g-chay-chernyy-ahmad-tea-professional-erl-grey	1299		AHMAD TEA
123692	Чай Принцесса Ява Традиционный зеленый (2г х 25шт), 50г х 2 шт	https://online.metro-cc.ru/products/zelenyj-princessa-yava-25h2g	129.8		ПРИНЦЕССА ЯВА
607461931	Чай Newby Classic Selection ассорти пакетированный (2г x 48шт), 96г	https://online.metro-cc.ru/products/chay-newby-classic-selection-assorti-paketirovannyy-2g-x-48sht-96g	1429		NEWBY
542962	Чай Ahmad Tea зеленый листовой с жасмином, 200г x 2 шт	https://online.metro-cc.ru/products/zelenyj-ahmad-tea-s-zhasminom-listovoj-200-g	918		AHMAD TEA
608443707	Чай зеленый Ahmad Tea Professional Китайский (2г x 300шт), 600г	https://online.metro-cc.ru/products/300shth2g-chay-zelenyy-ahmad-tea-professional-kitayskiy	1299		AHMAD TEA
607463746	Чай травяной Newby перечная мята (2г x 25шт), 50г	https://online.metro-cc.ru/products/chay-travyanoy-newby-perechnaya-myata-2g-x-25sht-50g	869		NEWBY
